{"mean":[0.17272664606571198,2.5874385833740234,0.0002473242348060012,-0.00019221803813707083,0.00004260693822288886,0.0006968476227484643,0.00044450705172494054,0.6117614507675171,0.20013852417469025,-0.000004224235908623086,0.0011737783206626773,-0.0007885113009251654,-0.0009787428425624967,0.000462944561149925,-0.000352446804754436],"std":[0.2507580518722534,2.3638687133789062,0.029210932552814484,0.02875508926808834,0.02880867011845112,0.028873350471258163,0.029033320024609566,0.18115577101707458,0.028869137167930603,0.028462709859013557,0.028765706345438957,0.02849995158612728,0.02905537374317646,0.029039818793535233,0.028705354779958725]}