{
  "mean": [
    9,
    11.444000244140625,
    14.972000122070312,
    0.9530588388442993,
    7.236382961273193,
    0.03222571313381195,
    3.4465172290802,
    0.010572402738034725,
    0.33926957845687866,
    4.386813163757324,
    0.008507260121405125,
    6.0261406898498535,
    2.0952820777893066,
    1.6370881795883179,
    0.05131034553050995,
    0.64018315076828,
    0.06605265289545059,
    0.02168012224137783,
    0.1147259846329689,
    1.3370449542999268,
    8.174088478088379,
    0.529411792755127,
    0.47058823704719543,
    0.3529411852359772,
    6.325094223022461
  ],
  "std": [
    4.898979663848877,
    7.220177173614502,
    8.085323333740234,
    0.21151003241539001,
    48.52822494506836,
    0.26627498865127563,
    18.043495178222656,
    0.10318651050329208,
    1.3926231861114502,
    18.635425567626953,
    0.09262877702713013,
    9.726054191589355,
    3.43833327293396,
    2.517011880874634,
    0.22238078713417053,
    1.081620454788208,
    0.2500661313533783,
    0.14691273868083954,
    0.32076069712638855,
    1.5867908000946045,
    1.557407259941101,
    0.2881767451763153,
    0.49912938475608826,
    0.47788918018341064,
    3.3602137565612793
  ]
}