{
  "timestamp": "2025-06-23T19:09:41.012Z",
  "gpuDevices": [
    {
      "id": 0,
      "name": "NVIDIA RTX 4090",
      "memory": 24,
      "tflops": 82.6,
      "cores": 16384,
      "utilization": 89.10506497563267,
      "temperature": 72.36052608231871,
      "powerDraw": 225.55478447740634
    },
    {
      "id": 1,
      "name": "NVIDIA A100",
      "memory": 80,
      "tflops": 156,
      "cores": 6912,
      "utilization": 89.74728537193386,
      "temperature": 66.20962021357141,
      "powerDraw": 269.74398134569566
    },
    {
      "id": 2,
      "name": "NVIDIA V100",
      "memory": 32,
      "tflops": 112,
      "cores": 5120,
      "utilization": 63.35727760246831,
      "temperature": 66.96453562634184,
      "powerDraw": 239.03327159676735
    },
    {
      "id": 3,
      "name": "NVIDIA T4",
      "memory": 16,
      "tflops": 65,
      "cores": 2560,
      "utilization": 89.35337564739491,
      "temperature": 74.34239480391504,
      "powerDraw": 290.6260263791861
    }
  ],
  "performance": {
    "flopsPerSecond": 16320719490144.312,
    "memoryUsageGB": 12.84550466671779,
    "utilizationPercent": 90.82620514221236,
    "activeKernels": 486,
    "tensorOperations": 4824
  },
  "models": [
    "UltraPredictor-GPU",
    "DeepFantasy-GPU",
    "NeuralOptimizer-GPU",
    "QuantumPredict-GPU"
  ],
  "configuration": {
    "memoryGrowth": true,
    "powerPreference": "high-performance",
    "virtualGPUCount": 4,
    "tensorCoreEnabled": true,
    "mixedPrecisionEnabled": true
  },
  "capabilities": {
    "tensorCores": true,
    "rtCores": true,
    "dlss": true,
    "cudaVersion": "12.1",
    "tensorRTVersion": "8.6"
  }
}